guid,name,creation_timestamp,creation_source,spec_description,spec_file_path,spec_language
cf1f2731-9bcc-44e4-2366-c5cf10878aab,Event,2025-04-23T18:44:38.407204,posthog/posthog_fork/posthog/models/event.py,Event class in posthog/models/event.py,posthog/models/event.py,python
b6437623-8616-7786-5830-f72056ed21cc,Event_1,2025-04-23T18:44:38.407209,posthog/posthog_fork/posthog/models/event.py,Event_1 class in posthog/models/event.py,posthog/models/event.py,python
8f1d232c-d6c2-f246-bbbf-07eecdc96063,Event_2,2025-04-23T18:44:38.407214,posthog/posthog_fork/posthog/models/event.py,Event_2 class in posthog/models/event.py,posthog/models/event.py,python
c5536f79-3d9b-3428-e697-36905dcb8577,Event_3,2025-04-23T18:44:38.407219,posthog/posthog_fork/posthog/models/event.py,Event_3 class in posthog/models/event.py,posthog/models/event.py,python
dedcf2db-0a0e-6c08-5d98-34a7b072241b,Event_4,2025-04-23T18:44:38.407224,posthog/posthog_fork/posthog/models/event.py,Event_4 class in posthog/models/event.py,posthog/models/event.py,python
40dd7fd1-32dc-e9ef-c785-8171af123d00,Event_5,2025-04-23T18:44:38.407228,posthog/posthog_fork/posthog/models/event.py,Event_5 class in posthog/models/event.py,posthog/models/event.py,python
19b8e735-c618-c3d0-afde-e98a80f930c6,Event_6,2025-04-23T18:44:38.407232,posthog/posthog_fork/posthog/models/event.py,Event_6 class in posthog/models/event.py,posthog/models/event.py,python
08f0859d-9fb3-dbc4-37da-de0bc5503908,Event_7,2025-04-23T18:44:38.407236,posthog/posthog_fork/posthog/models/event.py,Event_7 class in posthog/models/event.py,posthog/models/event.py,python
a14569ed-b211-3bc5-9e01-5038c6697627,Event_8,2025-04-23T18:44:38.407492,posthog/posthog_fork/posthog/models/event.py,Event_8 class in posthog/models/event.py,posthog/models/event.py,python
80aafca5-309b-caba-49a0-ff5e7bf3dd3c,Event_9,2025-04-23T18:44:38.407496,posthog/posthog_fork/posthog/models/event.py,Event_9 class in posthog/models/event.py,posthog/models/event.py,python
6f568727-38a8-5c76-7083-3f30941d8f5d,Person,2025-04-23T18:44:38.407502,posthog/posthog_fork/posthog/models/person.py,Person class in posthog/models/person.py,posthog/models/person.py,python
9d6fd085-3814-4501-7ef8-101d20da9e52,Person_1,2025-04-23T18:44:38.407507,posthog/posthog_fork/posthog/models/person.py,Person_1 class in posthog/models/person.py,posthog/models/person.py,python
25aebb36-091a-25c7-95b0-52667ebb08db,Person_2,2025-04-23T18:44:38.407511,posthog/posthog_fork/posthog/models/person.py,Person_2 class in posthog/models/person.py,posthog/models/person.py,python
c4d8bb3b-4864-fc4f-0555-b475958764bc,Person_3,2025-04-23T18:44:38.407515,posthog/posthog_fork/posthog/models/person.py,Person_3 class in posthog/models/person.py,posthog/models/person.py,python
dfe5f4b4-ed5f-7460-d19b-e883cd5eed83,Person_4,2025-04-23T18:44:38.407519,posthog/posthog_fork/posthog/models/person.py,Person_4 class in posthog/models/person.py,posthog/models/person.py,python
1f64cdc9-72e0-ecdd-7554-e94d4f36e41c,Person_5,2025-04-23T18:44:38.407524,posthog/posthog_fork/posthog/models/person.py,Person_5 class in posthog/models/person.py,posthog/models/person.py,python
3cf3b8c2-0a2d-b3c8-6b87-756c1ee30fd6,Person_6,2025-04-23T18:44:38.407528,posthog/posthog_fork/posthog/models/person.py,Person_6 class in posthog/models/person.py,posthog/models/person.py,python
dc362b8f-d2da-1784-b44d-471101461c00,Person_7,2025-04-23T18:44:38.407532,posthog/posthog_fork/posthog/models/person.py,Person_7 class in posthog/models/person.py,posthog/models/person.py,python
13b79c87-e9ab-3f95-0dad-4eb646d014bc,Person_8,2025-04-23T18:44:38.407536,posthog/posthog_fork/posthog/models/person.py,Person_8 class in posthog/models/person.py,posthog/models/person.py,python
9f5ae755-42c1-76fc-3c3f-d6c222df0ba8,Person_9,2025-04-23T18:44:38.407540,posthog/posthog_fork/posthog/models/person.py,Person_9 class in posthog/models/person.py,posthog/models/person.py,python
b8c252fa-983a-2e65-abac-687cc15665f0,InsightQuery,2025-04-23T18:44:38.407545,posthog/posthog_fork/posthog/queries/insightquery.py,InsightQuery class in posthog/queries/insightquery.py,posthog/queries/insightquery.py,python
d7779174-72ae-0a84-d20f-9e73315fc70e,InsightQuery_1,2025-04-23T18:44:38.407550,posthog/posthog_fork/posthog/queries/insightquery.py,InsightQuery_1 class in posthog/queries/insightquery.py,posthog/queries/insightquery.py,python
b2cb73fc-1cb0-a86c-5ce5-3d57ad339283,InsightQuery_2,2025-04-23T18:44:38.407554,posthog/posthog_fork/posthog/queries/insightquery.py,InsightQuery_2 class in posthog/queries/insightquery.py,posthog/queries/insightquery.py,python
bbe4d497-c934-43e7-3987-8b41a0715f8a,InsightQuery_3,2025-04-23T18:44:38.407558,posthog/posthog_fork/posthog/queries/insightquery.py,InsightQuery_3 class in posthog/queries/insightquery.py,posthog/queries/insightquery.py,python
2a389c07-c5da-d6fe-d2ec-e8031513bae0,InsightQuery_4,2025-04-23T18:44:38.407563,posthog/posthog_fork/posthog/queries/insightquery.py,InsightQuery_4 class in posthog/queries/insightquery.py,posthog/queries/insightquery.py,python
f75e0846-563e-8e41-4bc0-f8ab5596b7de,InsightQuery_5,2025-04-23T18:44:38.407567,posthog/posthog_fork/posthog/queries/insightquery.py,InsightQuery_5 class in posthog/queries/insightquery.py,posthog/queries/insightquery.py,python
cc29942b-ae9a-2c7f-f0b6-86b825d29572,InsightQuery_6,2025-04-23T18:44:38.407571,posthog/posthog_fork/posthog/queries/insightquery.py,InsightQuery_6 class in posthog/queries/insightquery.py,posthog/queries/insightquery.py,python
e171f307-4324-6911-fb65-954e2f461a4b,InsightQuery_7,2025-04-23T18:44:38.407576,posthog/posthog_fork/posthog/queries/insightquery.py,InsightQuery_7 class in posthog/queries/insightquery.py,posthog/queries/insightquery.py,python
fc113b21-7a93-0965-189b-31f11ab9c260,InsightQuery_8,2025-04-23T18:44:38.407580,posthog/posthog_fork/posthog/queries/insightquery.py,InsightQuery_8 class in posthog/queries/insightquery.py,posthog/queries/insightquery.py,python
c197aa1d-570f-fd69-b5ee-26dcd73b7a31,InsightQuery_9,2025-04-23T18:44:38.407584,posthog/posthog_fork/posthog/queries/insightquery.py,InsightQuery_9 class in posthog/queries/insightquery.py,posthog/queries/insightquery.py,python
51ce9f59-14ba-debf-d310-26bf0a135f28,FeatureFlag,2025-04-23T18:44:38.407589,posthog/posthog_fork/posthog/models/featureflag.py,FeatureFlag class in posthog/models/featureflag.py,posthog/models/featureflag.py,python
304b298b-07f0-1347-8284-f879dd1a72b5,FeatureFlag_1,2025-04-23T18:44:38.407593,posthog/posthog_fork/posthog/models/featureflag.py,FeatureFlag_1 class in posthog/models/featureflag.py,posthog/models/featureflag.py,python
163d25b0-6ce7-91e2-0f64-f9e0d82d9986,FeatureFlag_2,2025-04-23T18:44:38.407597,posthog/posthog_fork/posthog/models/featureflag.py,FeatureFlag_2 class in posthog/models/featureflag.py,posthog/models/featureflag.py,python
b1753420-b71f-5764-5e5e-aaa2d2c894b9,FeatureFlag_3,2025-04-23T18:44:38.407602,posthog/posthog_fork/posthog/models/featureflag.py,FeatureFlag_3 class in posthog/models/featureflag.py,posthog/models/featureflag.py,python
c1281f3c-fa88-9026-40f8-d1cd7ba3e636,FeatureFlag_4,2025-04-23T18:44:38.407606,posthog/posthog_fork/posthog/models/featureflag.py,FeatureFlag_4 class in posthog/models/featureflag.py,posthog/models/featureflag.py,python
99299f79-53a6-0414-b35f-26c8b4cdf77c,FeatureFlag_5,2025-04-23T18:44:38.407610,posthog/posthog_fork/posthog/models/featureflag.py,FeatureFlag_5 class in posthog/models/featureflag.py,posthog/models/featureflag.py,python
ab313ce4-0aa4-4883-2cd6-ddc3234ea9fe,FeatureFlag_6,2025-04-23T18:44:38.407614,posthog/posthog_fork/posthog/models/featureflag.py,FeatureFlag_6 class in posthog/models/featureflag.py,posthog/models/featureflag.py,python
bf1f27a9-a6b8-29fc-037c-d03ca431e748,FeatureFlag_7,2025-04-23T18:44:38.407619,posthog/posthog_fork/posthog/models/featureflag.py,FeatureFlag_7 class in posthog/models/featureflag.py,posthog/models/featureflag.py,python
e08172e3-901f-75df-bcab-c37a22eb0c3e,FeatureFlag_8,2025-04-23T18:44:38.407623,posthog/posthog_fork/posthog/models/featureflag.py,FeatureFlag_8 class in posthog/models/featureflag.py,posthog/models/featureflag.py,python
52f8bd5a-e2eb-5069-e76b-a651605c6884,FeatureFlag_9,2025-04-23T18:44:38.407627,posthog/posthog_fork/posthog/models/featureflag.py,FeatureFlag_9 class in posthog/models/featureflag.py,posthog/models/featureflag.py,python
276656bf-9482-7318-c306-b0cc9b50609f,Experiment,2025-04-23T18:44:38.407631,posthog/posthog_fork/posthog/models/experiment.py,Experiment class in posthog/models/experiment.py,posthog/models/experiment.py,python
9d8474a1-47e7-c771-4b77-e60a88e419a6,Experiment_1,2025-04-23T18:44:38.407636,posthog/posthog_fork/posthog/models/experiment.py,Experiment_1 class in posthog/models/experiment.py,posthog/models/experiment.py,python
b899fc80-842e-694b-2386-b2d50edc9fd1,Experiment_2,2025-04-23T18:44:38.407640,posthog/posthog_fork/posthog/models/experiment.py,Experiment_2 class in posthog/models/experiment.py,posthog/models/experiment.py,python
75c16912-6fda-7d7e-e13d-e77e9bd0c026,Experiment_3,2025-04-23T18:44:38.407644,posthog/posthog_fork/posthog/models/experiment.py,Experiment_3 class in posthog/models/experiment.py,posthog/models/experiment.py,python
fa068632-6c24-0ed6-6bb5-b718804f5306,Experiment_4,2025-04-23T18:44:38.407648,posthog/posthog_fork/posthog/models/experiment.py,Experiment_4 class in posthog/models/experiment.py,posthog/models/experiment.py,python
0274fa99-6717-f8ec-b445-31e47b492961,Experiment_5,2025-04-23T18:44:38.407654,posthog/posthog_fork/posthog/models/experiment.py,Experiment_5 class in posthog/models/experiment.py,posthog/models/experiment.py,python
69700214-4da4-896d-f7c2-cafe2f86e244,Experiment_6,2025-04-23T18:44:38.407659,posthog/posthog_fork/posthog/models/experiment.py,Experiment_6 class in posthog/models/experiment.py,posthog/models/experiment.py,python
57197c61-6aad-6ba6-9eec-7cee2ef8f715,Experiment_7,2025-04-23T18:44:38.407663,posthog/posthog_fork/posthog/models/experiment.py,Experiment_7 class in posthog/models/experiment.py,posthog/models/experiment.py,python
55fbe894-b2bd-050e-266b-bba20d85b7ec,Experiment_8,2025-04-23T18:44:38.407667,posthog/posthog_fork/posthog/models/experiment.py,Experiment_8 class in posthog/models/experiment.py,posthog/models/experiment.py,python
82aaa24f-ffbe-04c1-866a-901985882914,Experiment_9,2025-04-23T18:44:38.407672,posthog/posthog_fork/posthog/models/experiment.py,Experiment_9 class in posthog/models/experiment.py,posthog/models/experiment.py,python
df4d0fff-3966-6532-7bb1-449b35aca2de,SessionRecording,2025-04-23T18:44:38.407676,posthog/posthog_fork/posthog/models/sessionrecording.py,SessionRecording class in posthog/models/sessionrecording.py,posthog/models/sessionrecording.py,python
6da7ffe7-53d2-45bf-1c1f-47eb50ca7bcd,SessionRecording_1,2025-04-23T18:44:38.407682,posthog/posthog_fork/posthog/models/sessionrecording.py,SessionRecording_1 class in posthog/models/sessionrecording.py,posthog/models/sessionrecording.py,python
2d1f6a21-dd22-8ca9-4b8d-83af9c3310c0,SessionRecording_2,2025-04-23T18:44:38.407686,posthog/posthog_fork/posthog/models/sessionrecording.py,SessionRecording_2 class in posthog/models/sessionrecording.py,posthog/models/sessionrecording.py,python
58a8d34d-7ea0-bb03-4869-4d76daa23c50,SessionRecording_3,2025-04-23T18:44:38.407690,posthog/posthog_fork/posthog/models/sessionrecording.py,SessionRecording_3 class in posthog/models/sessionrecording.py,posthog/models/sessionrecording.py,python
d561c7b3-94dd-64c4-eb2e-48c53d046f94,SessionRecording_4,2025-04-23T18:44:38.407695,posthog/posthog_fork/posthog/models/sessionrecording.py,SessionRecording_4 class in posthog/models/sessionrecording.py,posthog/models/sessionrecording.py,python
fce78a13-9259-0e65-7cd1-d24188b05055,SessionRecording_5,2025-04-23T18:44:38.407699,posthog/posthog_fork/posthog/models/sessionrecording.py,SessionRecording_5 class in posthog/models/sessionrecording.py,posthog/models/sessionrecording.py,python
63152581-6970-50b1-21f3-c7192fba05a6,SessionRecording_6,2025-04-23T18:44:38.407703,posthog/posthog_fork/posthog/models/sessionrecording.py,SessionRecording_6 class in posthog/models/sessionrecording.py,posthog/models/sessionrecording.py,python
ff450fef-3fc7-f2a4-e322-7dda5e237ba5,SessionRecording_7,2025-04-23T18:44:38.407707,posthog/posthog_fork/posthog/models/sessionrecording.py,SessionRecording_7 class in posthog/models/sessionrecording.py,posthog/models/sessionrecording.py,python
28b5a88e-fa1e-230b-5324-6ed502d8b2cd,SessionRecording_8,2025-04-23T18:44:38.407711,posthog/posthog_fork/posthog/models/sessionrecording.py,SessionRecording_8 class in posthog/models/sessionrecording.py,posthog/models/sessionrecording.py,python
7f963871-d243-cae5-7ea8-b2e3717f81e3,SessionRecording_9,2025-04-23T18:44:38.407717,posthog/posthog_fork/posthog/models/sessionrecording.py,SessionRecording_9 class in posthog/models/sessionrecording.py,posthog/models/sessionrecording.py,python
cc292c10-3305-539e-31fe-42c81f3adc92,Survey,2025-04-23T18:44:38.407721,posthog/posthog_fork/posthog/models/survey.py,Survey class in posthog/models/survey.py,posthog/models/survey.py,python
fa27b13f-2808-e599-aeb9-5b355d921492,Survey_1,2025-04-23T18:44:38.407726,posthog/posthog_fork/posthog/models/survey.py,Survey_1 class in posthog/models/survey.py,posthog/models/survey.py,python
234ac1fe-d839-a0f2-b7a7-cdcd04b7567e,Survey_2,2025-04-23T18:44:38.407730,posthog/posthog_fork/posthog/models/survey.py,Survey_2 class in posthog/models/survey.py,posthog/models/survey.py,python
bb090343-2910-7f50-2f24-8ab4dcf77ece,Survey_3,2025-04-23T18:44:38.407736,posthog/posthog_fork/posthog/models/survey.py,Survey_3 class in posthog/models/survey.py,posthog/models/survey.py,python
27829f39-3d62-2529-076a-1a9a08dba167,Survey_4,2025-04-23T18:44:38.407740,posthog/posthog_fork/posthog/models/survey.py,Survey_4 class in posthog/models/survey.py,posthog/models/survey.py,python
8d9c3dde-3709-1e3f-9c26-36c87e64a19f,Survey_5,2025-04-23T18:44:38.407744,posthog/posthog_fork/posthog/models/survey.py,Survey_5 class in posthog/models/survey.py,posthog/models/survey.py,python
503ecf4e-c38e-060c-be39-e1e5b0e646dd,Survey_6,2025-04-23T18:44:38.407748,posthog/posthog_fork/posthog/models/survey.py,Survey_6 class in posthog/models/survey.py,posthog/models/survey.py,python
45590f30-cc8a-8ce8-cde7-865024e5575d,Survey_7,2025-04-23T18:44:38.407753,posthog/posthog_fork/posthog/models/survey.py,Survey_7 class in posthog/models/survey.py,posthog/models/survey.py,python
da87a4ac-d197-bf44-26fd-272c76e1bf09,Survey_8,2025-04-23T18:44:38.407757,posthog/posthog_fork/posthog/models/survey.py,Survey_8 class in posthog/models/survey.py,posthog/models/survey.py,python
f666ce3f-f0a7-379b-a853-a181ffe0efb1,Survey_9,2025-04-23T18:44:38.407761,posthog/posthog_fork/posthog/models/survey.py,Survey_9 class in posthog/models/survey.py,posthog/models/survey.py,python
80b2c859-7dbe-a63f-da77-504362fcfd8b,BatchExport,2025-04-23T18:44:38.407765,posthog/posthog_fork/posthog/batch_exports/batchexport.py,BatchExport class in posthog/batch_exports/batchexport.py,posthog/batch_exports/batchexport.py,python
6fc56d9b-d48d-bb83-7ee7-f86b5b57f68e,BatchExport_1,2025-04-23T18:44:38.407772,posthog/posthog_fork/posthog/batch_exports/batchexport.py,BatchExport_1 class in posthog/batch_exports/batchexport.py,posthog/batch_exports/batchexport.py,python
7c441707-992b-085c-ee37-a1c5a7243290,BatchExport_2,2025-04-23T18:44:38.407776,posthog/posthog_fork/posthog/batch_exports/batchexport.py,BatchExport_2 class in posthog/batch_exports/batchexport.py,posthog/batch_exports/batchexport.py,python
a2121428-2011-bd19-7ce8-fc69c2886fb6,BatchExport_3,2025-04-23T18:44:38.407781,posthog/posthog_fork/posthog/batch_exports/batchexport.py,BatchExport_3 class in posthog/batch_exports/batchexport.py,posthog/batch_exports/batchexport.py,python
e116ed18-8c1c-635d-2db6-ddb30d371610,BatchExport_4,2025-04-23T18:44:38.407785,posthog/posthog_fork/posthog/batch_exports/batchexport.py,BatchExport_4 class in posthog/batch_exports/batchexport.py,posthog/batch_exports/batchexport.py,python
697f8769-8c2d-08b4-bd55-e568901995a3,BatchExport_5,2025-04-23T18:44:38.407789,posthog/posthog_fork/posthog/batch_exports/batchexport.py,BatchExport_5 class in posthog/batch_exports/batchexport.py,posthog/batch_exports/batchexport.py,python
70ad5375-5de6-c05c-8669-054fcf740d94,BatchExport_6,2025-04-23T18:44:38.407793,posthog/posthog_fork/posthog/batch_exports/batchexport.py,BatchExport_6 class in posthog/batch_exports/batchexport.py,posthog/batch_exports/batchexport.py,python
217e298f-9c7d-c793-c50d-4ecba14d616d,BatchExport_7,2025-04-23T18:44:38.407798,posthog/posthog_fork/posthog/batch_exports/batchexport.py,BatchExport_7 class in posthog/batch_exports/batchexport.py,posthog/batch_exports/batchexport.py,python
8e551500-c60c-defd-583d-311f35fcb1fc,BatchExport_8,2025-04-23T18:44:38.407804,posthog/posthog_fork/posthog/batch_exports/batchexport.py,BatchExport_8 class in posthog/batch_exports/batchexport.py,posthog/batch_exports/batchexport.py,python
018c162a-cca7-5b53-4aad-9d37763491a6,BatchExport_9,2025-04-23T18:44:38.407808,posthog/posthog_fork/posthog/batch_exports/batchexport.py,BatchExport_9 class in posthog/batch_exports/batchexport.py,posthog/batch_exports/batchexport.py,python
b84061fd-e779-9cfe-100b-21714d7d5642,Dashboard,2025-04-23T18:44:38.407813,posthog/posthog_fork/posthog/models/dashboard.py,Dashboard class in posthog/models/dashboard.py,posthog/models/dashboard.py,python
1394077f-a068-fe51-3d73-fc726fd78c63,Dashboard_1,2025-04-23T18:44:38.407824,posthog/posthog_fork/posthog/models/dashboard.py,Dashboard_1 class in posthog/models/dashboard.py,posthog/models/dashboard.py,python
b45c4d45-8db0-6cf3-3781-f5bffa8390fd,Dashboard_2,2025-04-23T18:44:38.407828,posthog/posthog_fork/posthog/models/dashboard.py,Dashboard_2 class in posthog/models/dashboard.py,posthog/models/dashboard.py,python
033586f0-c01e-0ae1-b6ed-50cc8ec38fe5,Dashboard_3,2025-04-23T18:44:38.407833,posthog/posthog_fork/posthog/models/dashboard.py,Dashboard_3 class in posthog/models/dashboard.py,posthog/models/dashboard.py,python
a7660813-dcb1-0e3a-38d8-425adfcbf447,Dashboard_4,2025-04-23T18:44:38.407837,posthog/posthog_fork/posthog/models/dashboard.py,Dashboard_4 class in posthog/models/dashboard.py,posthog/models/dashboard.py,python
151005df-8dd8-93b9-6f47-3ec31b8f9e39,Dashboard_5,2025-04-23T18:44:38.407841,posthog/posthog_fork/posthog/models/dashboard.py,Dashboard_5 class in posthog/models/dashboard.py,posthog/models/dashboard.py,python
78037603-c785-7958-1fdf-5b5401765210,Dashboard_6,2025-04-23T18:44:38.407847,posthog/posthog_fork/posthog/models/dashboard.py,Dashboard_6 class in posthog/models/dashboard.py,posthog/models/dashboard.py,python
7384ab42-f028-bc06-9904-d384de4b1407,Dashboard_7,2025-04-23T18:44:38.407851,posthog/posthog_fork/posthog/models/dashboard.py,Dashboard_7 class in posthog/models/dashboard.py,posthog/models/dashboard.py,python
651a662d-6429-125a-8007-3697e3d855af,Dashboard_8,2025-04-23T18:44:38.407855,posthog/posthog_fork/posthog/models/dashboard.py,Dashboard_8 class in posthog/models/dashboard.py,posthog/models/dashboard.py,python
358b501c-1594-f609-e98d-4b8f58525e4a,Dashboard_9,2025-04-23T18:44:38.407859,posthog/posthog_fork/posthog/models/dashboard.py,Dashboard_9 class in posthog/models/dashboard.py,posthog/models/dashboard.py,python
7b951b0f-9976-d7de-041a-937ab319f1f3,DashboardTile,2025-04-23T18:44:38.407864,posthog/posthog_fork/posthog/models/dashboardtile.py,DashboardTile class in posthog/models/dashboardtile.py,posthog/models/dashboardtile.py,python
efa4ebf6-8775-5554-b3e1-588d7d57d0a9,DashboardTile_1,2025-04-23T18:44:38.407868,posthog/posthog_fork/posthog/models/dashboardtile.py,DashboardTile_1 class in posthog/models/dashboardtile.py,posthog/models/dashboardtile.py,python
710ec947-01d1-4abe-8c97-ed0365dbdf78,DashboardTile_2,2025-04-23T18:44:38.407872,posthog/posthog_fork/posthog/models/dashboardtile.py,DashboardTile_2 class in posthog/models/dashboardtile.py,posthog/models/dashboardtile.py,python
dc8d3418-2f2a-74c4-cc58-4ada06ec37cf,DashboardTile_3,2025-04-23T18:44:38.407877,posthog/posthog_fork/posthog/models/dashboardtile.py,DashboardTile_3 class in posthog/models/dashboardtile.py,posthog/models/dashboardtile.py,python
fc389aa0-bff9-bdae-9c98-58569aa0977f,DashboardTile_4,2025-04-23T18:44:38.407882,posthog/posthog_fork/posthog/models/dashboardtile.py,DashboardTile_4 class in posthog/models/dashboardtile.py,posthog/models/dashboardtile.py,python
2fcc5116-a492-1ffe-a10f-dbaef611a636,DashboardTile_5,2025-04-23T18:44:38.407887,posthog/posthog_fork/posthog/models/dashboardtile.py,DashboardTile_5 class in posthog/models/dashboardtile.py,posthog/models/dashboardtile.py,python
ccb65bc9-a97b-c3d3-d64b-66e3da812adf,DashboardTile_6,2025-04-23T18:44:38.407891,posthog/posthog_fork/posthog/models/dashboardtile.py,DashboardTile_6 class in posthog/models/dashboardtile.py,posthog/models/dashboardtile.py,python
1cd5dc0a-0344-eb05-d148-1b713fdd7c58,DashboardTile_7,2025-04-23T18:44:38.407895,posthog/posthog_fork/posthog/models/dashboardtile.py,DashboardTile_7 class in posthog/models/dashboardtile.py,posthog/models/dashboardtile.py,python
e67e88e6-f133-ee60-fd03-03b344694125,DashboardTile_8,2025-04-23T18:44:38.407899,posthog/posthog_fork/posthog/models/dashboardtile.py,DashboardTile_8 class in posthog/models/dashboardtile.py,posthog/models/dashboardtile.py,python
900a541a-2308-514e-3acb-4081ea22d13e,DashboardTile_9,2025-04-23T18:44:38.407904,posthog/posthog_fork/posthog/models/dashboardtile.py,DashboardTile_9 class in posthog/models/dashboardtile.py,posthog/models/dashboardtile.py,python
5c4d1101-2e4e-b2ac-5564-4a139ec0ced9,InsightFilter,2025-04-23T18:44:38.407908,posthog/posthog_fork/posthog/queries/insightfilter.py,InsightFilter class in posthog/queries/insightfilter.py,posthog/queries/insightfilter.py,python
5eb96fa5-5daf-05f3-f72f-5a33596f143d,InsightFilter_1,2025-04-23T18:44:38.407912,posthog/posthog_fork/posthog/queries/insightfilter.py,InsightFilter_1 class in posthog/queries/insightfilter.py,posthog/queries/insightfilter.py,python
258c4bb2-cf2e-1dc4-05bd-e22f6752e56d,InsightFilter_2,2025-04-23T18:44:38.407920,posthog/posthog_fork/posthog/queries/insightfilter.py,InsightFilter_2 class in posthog/queries/insightfilter.py,posthog/queries/insightfilter.py,python
6c60727b-d058-91f2-9ce9-18d445bb69de,InsightFilter_3,2025-04-23T18:44:38.407925,posthog/posthog_fork/posthog/queries/insightfilter.py,InsightFilter_3 class in posthog/queries/insightfilter.py,posthog/queries/insightfilter.py,python
3a97f42f-0821-1daa-f90c-a6a84f5c0dc4,InsightFilter_4,2025-04-23T18:44:38.407929,posthog/posthog_fork/posthog/queries/insightfilter.py,InsightFilter_4 class in posthog/queries/insightfilter.py,posthog/queries/insightfilter.py,python
fcaff85d-1114-4800-2072-3f1e0b91caec,InsightFilter_5,2025-04-23T18:44:38.407933,posthog/posthog_fork/posthog/queries/insightfilter.py,InsightFilter_5 class in posthog/queries/insightfilter.py,posthog/queries/insightfilter.py,python
c851eef5-70aa-e07d-fc3a-0a0bbcc3b154,InsightFilter_6,2025-04-23T18:44:38.407937,posthog/posthog_fork/posthog/queries/insightfilter.py,InsightFilter_6 class in posthog/queries/insightfilter.py,posthog/queries/insightfilter.py,python
a4d43e5a-21cf-0f66-f049-bc8f805e584e,InsightFilter_7,2025-04-23T18:44:38.407941,posthog/posthog_fork/posthog/queries/insightfilter.py,InsightFilter_7 class in posthog/queries/insightfilter.py,posthog/queries/insightfilter.py,python
0325cfc1-5cca-9892-94c8-45067e6fe900,InsightFilter_8,2025-04-23T18:44:38.407946,posthog/posthog_fork/posthog/queries/insightfilter.py,InsightFilter_8 class in posthog/queries/insightfilter.py,posthog/queries/insightfilter.py,python
890ade64-9437-f44e-c41c-3223146d9219,InsightFilter_9,2025-04-23T18:44:38.407952,posthog/posthog_fork/posthog/queries/insightfilter.py,InsightFilter_9 class in posthog/queries/insightfilter.py,posthog/queries/insightfilter.py,python
26476ebf-365f-5cbb-1660-6bb848b0e956,Cohort,2025-04-23T18:44:38.407965,posthog/posthog_fork/posthog/models/cohort.py,Cohort class in posthog/models/cohort.py,posthog/models/cohort.py,python
7eb06934-0ff3-fca9-f743-334203042cb8,Cohort_1,2025-04-23T18:44:38.407970,posthog/posthog_fork/posthog/models/cohort.py,Cohort_1 class in posthog/models/cohort.py,posthog/models/cohort.py,python
5dbce488-4e47-ce6b-20d6-2ca3677793be,Cohort_2,2025-04-23T18:44:38.407974,posthog/posthog_fork/posthog/models/cohort.py,Cohort_2 class in posthog/models/cohort.py,posthog/models/cohort.py,python
8edea5f0-21c5-5ebd-9521-896b8a70b0d4,Cohort_3,2025-04-23T18:44:38.407978,posthog/posthog_fork/posthog/models/cohort.py,Cohort_3 class in posthog/models/cohort.py,posthog/models/cohort.py,python
2924a4c9-ea52-af64-e73c-3222c424d153,Cohort_4,2025-04-23T18:44:38.407984,posthog/posthog_fork/posthog/models/cohort.py,Cohort_4 class in posthog/models/cohort.py,posthog/models/cohort.py,python
9fa11691-89a0-f9b4-88c2-5f6b5c8de4a9,Cohort_5,2025-04-23T18:44:38.407988,posthog/posthog_fork/posthog/models/cohort.py,Cohort_5 class in posthog/models/cohort.py,posthog/models/cohort.py,python
4353a53b-431c-733b-85c9-63ea2aeac647,Cohort_6,2025-04-23T18:44:38.407992,posthog/posthog_fork/posthog/models/cohort.py,Cohort_6 class in posthog/models/cohort.py,posthog/models/cohort.py,python
e7f5e257-ea5a-bd97-e0ed-96617022868e,Cohort_7,2025-04-23T18:44:38.407996,posthog/posthog_fork/posthog/models/cohort.py,Cohort_7 class in posthog/models/cohort.py,posthog/models/cohort.py,python
f2b4eb26-810b-1a1f-57d0-0c146122d395,Cohort_8,2025-04-23T18:44:38.408001,posthog/posthog_fork/posthog/models/cohort.py,Cohort_8 class in posthog/models/cohort.py,posthog/models/cohort.py,python
de641a15-9edc-1b0c-8691-b7c242bb92ae,Cohort_9,2025-04-23T18:44:38.408005,posthog/posthog_fork/posthog/models/cohort.py,Cohort_9 class in posthog/models/cohort.py,posthog/models/cohort.py,python
f64707d2-703b-928f-ae9a-2aad019fc2dc,Team,2025-04-23T18:44:38.408009,posthog/posthog_fork/posthog/models/team.py,Team class in posthog/models/team.py,posthog/models/team.py,python
2732f0d5-56e5-2493-d492-a9e81d4bb424,Team_1,2025-04-23T18:44:38.408014,posthog/posthog_fork/posthog/models/team.py,Team_1 class in posthog/models/team.py,posthog/models/team.py,python
434b061f-a723-37ca-f335-31d744275b16,Team_2,2025-04-23T18:44:38.408019,posthog/posthog_fork/posthog/models/team.py,Team_2 class in posthog/models/team.py,posthog/models/team.py,python
5929d1ff-51ce-e923-adae-c6f085bec3e9,Team_3,2025-04-23T18:44:38.408023,posthog/posthog_fork/posthog/models/team.py,Team_3 class in posthog/models/team.py,posthog/models/team.py,python
1a0dc365-d371-bd30-5b20-04aa6f43bdee,Team_4,2025-04-23T18:44:38.408027,posthog/posthog_fork/posthog/models/team.py,Team_4 class in posthog/models/team.py,posthog/models/team.py,python
41700d10-957f-e9e7-e4d6-d47d8efae16d,Team_5,2025-04-23T18:44:38.408031,posthog/posthog_fork/posthog/models/team.py,Team_5 class in posthog/models/team.py,posthog/models/team.py,python
08444d9b-7752-6935-5c62-d72bf4fdc8dd,Team_6,2025-04-23T18:44:38.408035,posthog/posthog_fork/posthog/models/team.py,Team_6 class in posthog/models/team.py,posthog/models/team.py,python
6a609da8-8dd4-c243-c73a-f3f22475016c,Team_7,2025-04-23T18:44:38.408039,posthog/posthog_fork/posthog/models/team.py,Team_7 class in posthog/models/team.py,posthog/models/team.py,python
818c5ba7-54ba-aaa0-5e21-ae1f80f77637,Team_8,2025-04-23T18:44:38.408045,posthog/posthog_fork/posthog/models/team.py,Team_8 class in posthog/models/team.py,posthog/models/team.py,python
cbdddd9d-d754-295d-063d-3e3ae4f6c745,Team_9,2025-04-23T18:44:38.408049,posthog/posthog_fork/posthog/models/team.py,Team_9 class in posthog/models/team.py,posthog/models/team.py,python
58871928-b5f5-c513-e273-96b9cd5d9090,Organization,2025-04-23T18:44:38.408054,posthog/posthog_fork/posthog/models/organization.py,Organization class in posthog/models/organization.py,posthog/models/organization.py,python
ff499ce9-99a2-0263-ad67-4e1ff9476d5c,Organization_1,2025-04-23T18:44:38.408058,posthog/posthog_fork/posthog/models/organization.py,Organization_1 class in posthog/models/organization.py,posthog/models/organization.py,python
65cbc898-91a4-cb1b-6289-e966dcceecd7,Organization_2,2025-04-23T18:44:38.408062,posthog/posthog_fork/posthog/models/organization.py,Organization_2 class in posthog/models/organization.py,posthog/models/organization.py,python
0db0ce3b-68c8-c5cc-99e2-2a57ccc4a4bc,Organization_3,2025-04-23T18:44:38.408067,posthog/posthog_fork/posthog/models/organization.py,Organization_3 class in posthog/models/organization.py,posthog/models/organization.py,python
879bb693-0928-e9b8-84fc-d32d81ac640f,Organization_4,2025-04-23T18:44:38.408071,posthog/posthog_fork/posthog/models/organization.py,Organization_4 class in posthog/models/organization.py,posthog/models/organization.py,python
5012b538-15df-117a-47e1-d8e046915930,Organization_5,2025-04-23T18:44:38.408075,posthog/posthog_fork/posthog/models/organization.py,Organization_5 class in posthog/models/organization.py,posthog/models/organization.py,python
948ae6fe-e4f0-ce0a-1250-da6d627d5361,Organization_6,2025-04-23T18:44:38.408081,posthog/posthog_fork/posthog/models/organization.py,Organization_6 class in posthog/models/organization.py,posthog/models/organization.py,python
fb53c067-be5b-c4cf-cd5d-734f154c90a6,Organization_7,2025-04-23T18:44:38.408085,posthog/posthog_fork/posthog/models/organization.py,Organization_7 class in posthog/models/organization.py,posthog/models/organization.py,python
51cb8197-7cd2-7fff-c281-3f90f893d7f8,Organization_8,2025-04-23T18:44:38.408089,posthog/posthog_fork/posthog/models/organization.py,Organization_8 class in posthog/models/organization.py,posthog/models/organization.py,python
b7d74206-8336-6e6d-cebe-4af3dcd0c08e,Organization_9,2025-04-23T18:44:38.408093,posthog/posthog_fork/posthog/models/organization.py,Organization_9 class in posthog/models/organization.py,posthog/models/organization.py,python
11e5a664-70be-c247-ae33-bc7ed11a4010,User,2025-04-23T18:44:38.408098,posthog/posthog_fork/posthog/models/user.py,User class in posthog/models/user.py,posthog/models/user.py,python
c53194df-aed5-6a3f-df25-31866ee74917,User_1,2025-04-23T18:44:38.408102,posthog/posthog_fork/posthog/models/user.py,User_1 class in posthog/models/user.py,posthog/models/user.py,python
fa82e287-2bba-a040-002c-dbe8f965b534,User_2,2025-04-23T18:44:38.408106,posthog/posthog_fork/posthog/models/user.py,User_2 class in posthog/models/user.py,posthog/models/user.py,python
6e6e5830-a89f-c9dd-80af-a81a199faff2,User_3,2025-04-23T18:44:38.408111,posthog/posthog_fork/posthog/models/user.py,User_3 class in posthog/models/user.py,posthog/models/user.py,python
2cc20e0a-6c60-dbc5-5f7e-5be671055ea6,User_4,2025-04-23T18:44:38.408116,posthog/posthog_fork/posthog/models/user.py,User_4 class in posthog/models/user.py,posthog/models/user.py,python
92b29d4b-9410-9b64-000b-af976b07950c,User_5,2025-04-23T18:44:38.408120,posthog/posthog_fork/posthog/models/user.py,User_5 class in posthog/models/user.py,posthog/models/user.py,python
05cdca05-c36b-71cf-ca55-4b7071dab3e7,User_6,2025-04-23T18:44:38.408124,posthog/posthog_fork/posthog/models/user.py,User_6 class in posthog/models/user.py,posthog/models/user.py,python
42d37210-62ac-6188-08e5-f7634610afa4,User_7,2025-04-23T18:44:38.408128,posthog/posthog_fork/posthog/models/user.py,User_7 class in posthog/models/user.py,posthog/models/user.py,python
d78951ad-5236-e295-c576-902cfd7c0847,User_8,2025-04-23T18:44:38.408132,posthog/posthog_fork/posthog/models/user.py,User_8 class in posthog/models/user.py,posthog/models/user.py,python
38244d30-9e00-affe-1f8c-b2a722ff2103,User_9,2025-04-23T18:44:38.408137,posthog/posthog_fork/posthog/models/user.py,User_9 class in posthog/models/user.py,posthog/models/user.py,python
e92bc17a-e5a1-989f-e47b-7509ea8d775f,Plugin,2025-04-23T18:44:38.408142,posthog/posthog_fork/posthog/plugins/plugin.py,Plugin class in posthog/plugins/plugin.py,posthog/plugins/plugin.py,python
4f1df787-f972-942e-2aeb-c50ad6ac4822,Plugin_1,2025-04-23T18:44:38.408147,posthog/posthog_fork/posthog/plugins/plugin.py,Plugin_1 class in posthog/plugins/plugin.py,posthog/plugins/plugin.py,python
37ac69f0-bf23-3318-fece-43394e2977f1,Plugin_2,2025-04-23T18:44:38.408151,posthog/posthog_fork/posthog/plugins/plugin.py,Plugin_2 class in posthog/plugins/plugin.py,posthog/plugins/plugin.py,python
667d8d91-c436-c68d-951d-8aa9c515a0e2,Plugin_3,2025-04-23T18:44:38.408155,posthog/posthog_fork/posthog/plugins/plugin.py,Plugin_3 class in posthog/plugins/plugin.py,posthog/plugins/plugin.py,python
2f387be5-61f5-6068-86a2-ad8bfba7ca7b,Plugin_4,2025-04-23T18:44:38.408159,posthog/posthog_fork/posthog/plugins/plugin.py,Plugin_4 class in posthog/plugins/plugin.py,posthog/plugins/plugin.py,python
b2187921-8e4b-ea0d-a921-8bbb36821404,Plugin_5,2025-04-23T18:44:38.408164,posthog/posthog_fork/posthog/plugins/plugin.py,Plugin_5 class in posthog/plugins/plugin.py,posthog/plugins/plugin.py,python
6267ba6b-91d4-3847-73ff-3fc0bedd63e4,Plugin_6,2025-04-23T18:44:38.408168,posthog/posthog_fork/posthog/plugins/plugin.py,Plugin_6 class in posthog/plugins/plugin.py,posthog/plugins/plugin.py,python
9bc1609b-3d53-ad72-099b-f47c30e1e474,Plugin_7,2025-04-23T18:44:38.408176,posthog/posthog_fork/posthog/plugins/plugin.py,Plugin_7 class in posthog/plugins/plugin.py,posthog/plugins/plugin.py,python
cc5a26d1-4732-7c27-828b-6f226d3dad9d,Plugin_8,2025-04-23T18:44:38.408180,posthog/posthog_fork/posthog/plugins/plugin.py,Plugin_8 class in posthog/plugins/plugin.py,posthog/plugins/plugin.py,python
783b08ec-1306-c68a-f91f-8a6fb8b153c5,Plugin_9,2025-04-23T18:44:38.408184,posthog/posthog_fork/posthog/plugins/plugin.py,Plugin_9 class in posthog/plugins/plugin.py,posthog/plugins/plugin.py,python
c445899f-e4c3-4d28-2829-efef56bcb863,PluginConfig,2025-04-23T18:44:38.408189,posthog/posthog_fork/posthog/plugins/pluginconfig.py,PluginConfig class in posthog/plugins/pluginconfig.py,posthog/plugins/pluginconfig.py,python
4e0c134f-e563-6cc5-e7d0-bb58046bf63a,PluginConfig_1,2025-04-23T18:44:38.408193,posthog/posthog_fork/posthog/plugins/pluginconfig.py,PluginConfig_1 class in posthog/plugins/pluginconfig.py,posthog/plugins/pluginconfig.py,python
71f709af-8e1d-6cff-efd3-26a0c3c2188e,PluginConfig_2,2025-04-23T18:44:38.408198,posthog/posthog_fork/posthog/plugins/pluginconfig.py,PluginConfig_2 class in posthog/plugins/pluginconfig.py,posthog/plugins/pluginconfig.py,python
51d632b4-e37b-0e27-c0e6-23df41947039,PluginConfig_3,2025-04-23T18:44:38.408203,posthog/posthog_fork/posthog/plugins/pluginconfig.py,PluginConfig_3 class in posthog/plugins/pluginconfig.py,posthog/plugins/pluginconfig.py,python
3a3c131e-b529-08ce-cce3-e0bb060d57f8,PluginConfig_4,2025-04-23T18:44:38.408207,posthog/posthog_fork/posthog/plugins/pluginconfig.py,PluginConfig_4 class in posthog/plugins/pluginconfig.py,posthog/plugins/pluginconfig.py,python
523dc764-5ee9-3cb7-df3b-674fa0c782b3,PluginConfig_5,2025-04-23T18:44:38.408212,posthog/posthog_fork/posthog/plugins/pluginconfig.py,PluginConfig_5 class in posthog/plugins/pluginconfig.py,posthog/plugins/pluginconfig.py,python
a3ad2abb-d18d-f4c8-0d25-562269f76648,PluginConfig_6,2025-04-23T18:44:38.408216,posthog/posthog_fork/posthog/plugins/pluginconfig.py,PluginConfig_6 class in posthog/plugins/pluginconfig.py,posthog/plugins/pluginconfig.py,python
6853c003-0a2c-b0c4-f98b-9ad3fba3e848,PluginConfig_7,2025-04-23T18:44:38.408222,posthog/posthog_fork/posthog/plugins/pluginconfig.py,PluginConfig_7 class in posthog/plugins/pluginconfig.py,posthog/plugins/pluginconfig.py,python
b200449c-c64e-c656-cd80-02fa9c0b15e8,PluginConfig_8,2025-04-23T18:44:38.408226,posthog/posthog_fork/posthog/plugins/pluginconfig.py,PluginConfig_8 class in posthog/plugins/pluginconfig.py,posthog/plugins/pluginconfig.py,python
329dd338-9ff5-9a2a-9895-319a0baabaa8,PluginConfig_9,2025-04-23T18:44:38.408230,posthog/posthog_fork/posthog/plugins/pluginconfig.py,PluginConfig_9 class in posthog/plugins/pluginconfig.py,posthog/plugins/pluginconfig.py,python
d62d0906-9c74-e70c-6ff0-af55b4f5ac37,Action,2025-04-23T18:44:38.408234,posthog/posthog_fork/posthog/models/action.py,Action class in posthog/models/action.py,posthog/models/action.py,python
d4a30b3b-ef28-8ea2-bb19-e032194856ed,Action_1,2025-04-23T18:44:38.408239,posthog/posthog_fork/posthog/models/action.py,Action_1 class in posthog/models/action.py,posthog/models/action.py,python
11d53b7c-8be2-1f40-6f3d-5b4bc2fda247,Action_2,2025-04-23T18:44:38.408243,posthog/posthog_fork/posthog/models/action.py,Action_2 class in posthog/models/action.py,posthog/models/action.py,python
e081c685-fe0d-235e-7898-fec2f1d20d41,Action_3,2025-04-23T18:44:38.408248,posthog/posthog_fork/posthog/models/action.py,Action_3 class in posthog/models/action.py,posthog/models/action.py,python
2b3d0318-7e12-2e22-cfa4-68212cc89127,Action_4,2025-04-23T18:44:38.408253,posthog/posthog_fork/posthog/models/action.py,Action_4 class in posthog/models/action.py,posthog/models/action.py,python
01176ea5-b7c5-fd3d-b153-4534be889d42,Action_5,2025-04-23T18:44:38.408257,posthog/posthog_fork/posthog/models/action.py,Action_5 class in posthog/models/action.py,posthog/models/action.py,python
5ee6ec2b-1835-1605-1edb-14908f9716f0,Action_6,2025-04-23T18:44:38.408262,posthog/posthog_fork/posthog/models/action.py,Action_6 class in posthog/models/action.py,posthog/models/action.py,python
08cd408b-932b-85b8-bb63-39097f0cb675,Action_7,2025-04-23T18:44:38.408266,posthog/posthog_fork/posthog/models/action.py,Action_7 class in posthog/models/action.py,posthog/models/action.py,python
6695a71c-eec8-947f-b846-22141a78407a,Action_8,2025-04-23T18:44:38.408270,posthog/posthog_fork/posthog/models/action.py,Action_8 class in posthog/models/action.py,posthog/models/action.py,python
d78a51cc-2177-bb9b-6bdf-08f90832efdd,Action_9,2025-04-23T18:44:38.408274,posthog/posthog_fork/posthog/models/action.py,Action_9 class in posthog/models/action.py,posthog/models/action.py,python
6056fa55-0241-087e-6818-293589fcb4a9,ActionStep,2025-04-23T18:44:38.408279,posthog/posthog_fork/posthog/models/actionstep.py,ActionStep class in posthog/models/actionstep.py,posthog/models/actionstep.py,python
61daee60-08aa-9cc9-f09d-d3bd3f07deb4,ActionStep_1,2025-04-23T18:44:38.408283,posthog/posthog_fork/posthog/models/actionstep.py,ActionStep_1 class in posthog/models/actionstep.py,posthog/models/actionstep.py,python
1d21b565-0879-adc0-49a9-cd5e88b97ac7,ActionStep_2,2025-04-23T18:44:38.408289,posthog/posthog_fork/posthog/models/actionstep.py,ActionStep_2 class in posthog/models/actionstep.py,posthog/models/actionstep.py,python
b8a98436-b4b9-1a33-abd9-ae335e4b4938,ActionStep_3,2025-04-23T18:44:38.408293,posthog/posthog_fork/posthog/models/actionstep.py,ActionStep_3 class in posthog/models/actionstep.py,posthog/models/actionstep.py,python
9f18a24e-60c4-e22b-71e7-12fd83471d6f,ActionStep_4,2025-04-23T18:44:38.408297,posthog/posthog_fork/posthog/models/actionstep.py,ActionStep_4 class in posthog/models/actionstep.py,posthog/models/actionstep.py,python
324cc1d0-e718-06d6-889b-eaf2f99bee8d,ActionStep_5,2025-04-23T18:44:38.408302,posthog/posthog_fork/posthog/models/actionstep.py,ActionStep_5 class in posthog/models/actionstep.py,posthog/models/actionstep.py,python
9d1aa6a1-5c0c-0f1e-98ae-e651a061b8d6,ActionStep_6,2025-04-23T18:44:38.408306,posthog/posthog_fork/posthog/models/actionstep.py,ActionStep_6 class in posthog/models/actionstep.py,posthog/models/actionstep.py,python
927bee62-d0b6-5d06-e42b-bbb808dc2ad0,ActionStep_7,2025-04-23T18:44:38.408310,posthog/posthog_fork/posthog/models/actionstep.py,ActionStep_7 class in posthog/models/actionstep.py,posthog/models/actionstep.py,python
15eecdbf-ca6f-4d5a-b8d4-8c03019920e4,ActionStep_8,2025-04-23T18:44:38.408315,posthog/posthog_fork/posthog/models/actionstep.py,ActionStep_8 class in posthog/models/actionstep.py,posthog/models/actionstep.py,python
d848f2f8-289f-1605-ec0b-d53890622b14,ActionStep_9,2025-04-23T18:44:38.408320,posthog/posthog_fork/posthog/models/actionstep.py,ActionStep_9 class in posthog/models/actionstep.py,posthog/models/actionstep.py,python
861140a3-c7d3-310a-a72b-befd038822b8,PropertyDefinition,2025-04-23T18:44:38.408324,posthog/posthog_fork/posthog/models/property/propertydefinition.py,PropertyDefinition class in posthog/models/property/propertydefinition.py,posthog/models/property/propertydefinition.py,python
9d8bc349-d221-1d0f-1fa4-6ad77a4b7e06,PropertyDefinition_1,2025-04-23T18:44:38.408329,posthog/posthog_fork/posthog/models/property/propertydefinition.py,PropertyDefinition_1 class in posthog/models/property/propertydefinition.py,posthog/models/property/propertydefinition.py,python
d380ffbe-288d-a5e7-7299-025afd72e05c,PropertyDefinition_2,2025-04-23T18:44:38.408334,posthog/posthog_fork/posthog/models/property/propertydefinition.py,PropertyDefinition_2 class in posthog/models/property/propertydefinition.py,posthog/models/property/propertydefinition.py,python
5c215e7d-000e-1578-1130-f8103fc23ec3,PropertyDefinition_3,2025-04-23T18:44:38.408338,posthog/posthog_fork/posthog/models/property/propertydefinition.py,PropertyDefinition_3 class in posthog/models/property/propertydefinition.py,posthog/models/property/propertydefinition.py,python
d137095d-b563-4c38-7e5e-8cbc568d6e84,PropertyDefinition_4,2025-04-23T18:44:38.408342,posthog/posthog_fork/posthog/models/property/propertydefinition.py,PropertyDefinition_4 class in posthog/models/property/propertydefinition.py,posthog/models/property/propertydefinition.py,python
24a0ae6d-5199-5ae2-0dac-5668125546a6,PropertyDefinition_5,2025-04-23T18:44:38.408346,posthog/posthog_fork/posthog/models/property/propertydefinition.py,PropertyDefinition_5 class in posthog/models/property/propertydefinition.py,posthog/models/property/propertydefinition.py,python
d1e1d262-d94e-0146-0e07-7f2db7379f42,PropertyDefinition_6,2025-04-23T18:44:38.408351,posthog/posthog_fork/posthog/models/property/propertydefinition.py,PropertyDefinition_6 class in posthog/models/property/propertydefinition.py,posthog/models/property/propertydefinition.py,python
0963234b-de7c-41ef-56ee-ff4dfd61de27,PropertyDefinition_7,2025-04-23T18:44:38.408357,posthog/posthog_fork/posthog/models/property/propertydefinition.py,PropertyDefinition_7 class in posthog/models/property/propertydefinition.py,posthog/models/property/propertydefinition.py,python
b97afec4-6675-8862-6d82-bdcef1864420,PropertyDefinition_8,2025-04-23T18:44:38.408361,posthog/posthog_fork/posthog/models/property/propertydefinition.py,PropertyDefinition_8 class in posthog/models/property/propertydefinition.py,posthog/models/property/propertydefinition.py,python
12005224-220b-2c64-64c6-6a55439e2cb2,PropertyDefinition_9,2025-04-23T18:44:38.408365,posthog/posthog_fork/posthog/models/property/propertydefinition.py,PropertyDefinition_9 class in posthog/models/property/propertydefinition.py,posthog/models/property/propertydefinition.py,python
